Coin,Strategy,Entry Time,Exit Time,Entry Price,Exit Price,Amount,Invested,Returned,Profit,Profit%
POND,TREND,03:27:09 PM,03:31:09 PM,0.0024,0.0025,10204.081633,25.00,25.00,-0.0020,-0.01%
WLD,TREND,03:21:09 PM,03:29:09 PM,0.3979,0.3950,62.829857,25.00,24.79,-0.2134,-0.85%
PHA,TREND,03:25:09 PM,03:27:09 PM,0.0512,0.0519,488.281250,25.00,25.59,0.5921,2.37%
FARM,TREND,03:09:09 PM,03:25:09 PM,6.6100,6.6200,3.782148,25.00,25.04,0.0378,0.15%
WLD,TREND,03:16:09 PM,03:19:09 PM,0.3936,0.3982,63.516260,25.00,25.39,0.3898,1.56%
PHA,TREND,03:09:09 PM,03:17:09 PM,0.0511,0.0510,489.236791,25.00,24.85,-0.1538,-0.62%
POND,TREND,03:09:09 PM,03:16:09 PM,0.0024,0.0025,10204.081633,25.00,25.31,0.3061,1.22%
PHA,TREND,03:04:09 PM,03:06:09 PM,0.0526,0.0516,475.285171,25.00,24.42,-0.5808,-2.32%
POND,TREND,03:04:09 PM,03:06:09 PM,0.0024,0.0024,10288.065844,25.00,25.20,0.2049,0.82%
FARM,TREND,03:03:09 PM,03:05:09 PM,6.5600,6.6900,3.810976,25.00,25.65,0.6493,2.60%
INJ,TREND,02:52:09 PM,03:03:09 PM,5.8380,5.9080,4.282288,25.00,25.26,0.2608,1.04%
IO,TREND,03:01:09 PM,03:02:09 PM,0.1837,0.1859,136.091453,25.00,25.36,0.3611,1.44%
POND,TREND,02:57:09 PM,03:01:09 PM,0.0024,0.0024,10245.901639,25.00,25.00,0.0000,0.00%
WLD,TREND,02:43:09 PM,03:00:09 PM,0.3923,0.3920,63.726740,25.00,24.85,-0.1529,-0.61%
ROSE,TREND,02:33:09 PM,02:58:09 PM,0.0100,0.0101,2487.562189,25.00,25.25,0.2488,1.00%
HMSTR,TREND,02:45:09 PM,02:55:09 PM,0.0002,0.0002,147579.693034,25.00,25.22,0.2214,0.89%
PHA,TREND,02:53:09 PM,02:55:09 PM,0.0534,0.0528,112.546816,6.01,6.68,0.6744,11.22%
RIF,TREND,01:42:09 PM,02:54:09 PM,0.0598,0.0592,418.060201,25.00,24.62,-0.3763,-1.51%
FARM,TREND,02:48:09 PM,02:51:09 PM,6.6200,6.6200,3.776435,25.00,25.04,0.0436,0.17%
POND,TREND,02:45:09 PM,02:47:09 PM,0.0025,0.0024,10121.457490,25.00,24.80,-0.2024,-0.81%
FARM,TREND,02:33:09 PM,02:41:09 PM,6.5100,6.5700,3.840246,25.00,25.35,0.3456,1.38%
HMSTR,TREND,02:30:09 PM,02:41:09 PM,0.0002,0.0002,148104.265403,25.00,25.31,0.3102,1.24%
POND,TREND,02:34:09 PM,02:36:09 PM,0.0024,0.0024,10288.065844,25.00,25.23,0.2330,0.93%
POND,TREND,02:27:09 PM,02:33:09 PM,0.0025,0.0024,2413.654618,6.01,6.60,0.5910,9.83%
FARM,TREND,02:24:09 PM,02:29:09 PM,6.5000,6.5500,3.846154,25.00,24.96,-0.0388,-0.16%
WLD,TREND,02:14:09 PM,02:27:09 PM,0.3989,0.4049,62.672349,25.00,25.44,0.4357,1.74%
IO,TREND,02:25:09 PM,02:26:09 PM,0.1803,0.1811,138.657793,25.00,24.93,-0.0693,-0.28%
POND,TREND,02:22:09 PM,02:26:09 PM,0.0026,0.0026,9727.626459,25.00,24.22,-0.7782,-3.11%
FARM,TREND,02:18:09 PM,02:21:09 PM,6.5000,6.5100,3.846154,25.00,24.99,-0.0060,-0.02%
POND,TREND,02:14:09 PM,02:19:09 PM,0.0026,0.0026,9727.626459,25.00,25.00,0.0000,0.00%
FARM,TREND,01:59:09 PM,02:11:09 PM,6.5600,6.5400,0.916159,6.01,7.09,1.0815,17.99%
POND,TREND,02:09:09 PM,02:11:09 PM,0.0025,0.0026,9842.519685,25.00,25.69,0.6945,2.78%
POND,TREND,01:56:09 PM,02:03:09 PM,0.0025,0.0026,9960.159363,25.00,25.40,0.4012,1.60%
PHA,TREND,01:50:09 PM,01:58:09 PM,0.0492,0.0487,508.130081,25.00,24.31,-0.6889,-2.76%
FARM,TREND,01:53:09 PM,01:57:09 PM,6.6000,7.0000,3.787879,25.00,25.30,0.3030,1.21%
HMSTR,TREND,01:50:09 PM,01:55:09 PM,0.0002,0.0002,146028.037383,25.00,25.26,0.2629,1.05%
POND,TREND,01:53:09 PM,01:55:09 PM,0.0025,0.0025,10121.457490,25.00,25.51,0.5107,2.04%
FARM,TREND,01:27:09 PM,01:51:09 PM,6.5400,6.7600,3.822630,25.00,25.84,0.8410,3.36%
POND,TREND,01:48:09 PM,01:51:09 PM,0.0024,0.0024,10245.901639,25.00,25.00,-0.0021,-0.01%
POND,TREND,01:42:09 PM,01:44:09 PM,0.0025,0.0025,10162.601626,25.00,25.10,0.1024,0.41%
WLD,TREND,01:33:09 PM,01:42:09 PM,0.3897,0.3941,64.151912,25.00,25.36,0.3636,1.45%
POND,TREND,01:38:09 PM,01:39:09 PM,0.0024,0.0025,10204.081633,25.00,25.30,0.3020,1.21%
POND,TREND,01:31:09 PM,01:35:09 PM,0.0025,0.0025,10080.645161,25.00,24.80,-0.2016,-0.81%
RIF,TREND,01:23:09 PM,01:30:09 PM,0.0599,0.0604,417.362270,25.00,25.21,0.2087,0.83%
PHA,TREND,01:28:09 PM,01:30:09 PM,0.0508,0.0507,492.125984,25.00,24.75,-0.2466,-0.99%
PHA,TREND,01:14:09 PM,01:23:09 PM,0.0506,0.0513,494.071146,25.00,25.61,0.6069,2.43%
POND,TREND,01:19:09 PM,01:21:09 PM,0.0025,0.0025,10040.160643,25.00,25.10,0.1004,0.40%
IO,TREND,12:40:09 PM,01:17:09 PM,0.1772,0.1786,141.083521,25.00,25.44,0.4363,1.75%
POND,TREND,01:14:09 PM,01:15:09 PM,0.0025,0.0025,10000.000000,25.00,25.30,0.3000,1.20%
WLD,TREND,12:55:09 PM,01:14:09 PM,0.3917,0.3974,63.824355,25.00,25.26,0.2563,1.03%
POND,TREND,01:06:09 PM,01:08:09 PM,0.0025,0.0024,10080.645161,25.00,24.79,-0.2060,-0.82%
FARM,TREND,12:52:09 PM,01:03:09 PM,6.5500,6.5200,3.816794,25.00,24.96,-0.0396,-0.16%
PHA,TREND,01:01:09 PM,01:03:09 PM,0.0499,0.0502,501.002004,25.00,25.00,-0.0021,-0.01%
POND,TREND,12:54:09 PM,01:01:09 PM,0.0025,0.0025,9920.634921,25.00,24.90,-0.0992,-0.40%
PHA,TREND,12:52:09 PM,12:54:09 PM,0.0504,0.0500,496.031746,25.00,24.84,-0.1584,-0.63%
INJ,TREND,12:31:09 PM,12:53:09 PM,5.6040,5.6700,4.461099,25.00,25.25,0.2454,0.98%
WLD,TREND,12:42:09 PM,12:53:09 PM,0.3841,0.3904,65.087217,25.00,25.38,0.3775,1.51%
PHA,TREND,12:50:09 PM,12:51:09 PM,0.0513,0.0509,487.329435,25.00,24.66,-0.3378,-1.35%
POND,TREND,12:43:09 PM,12:49:09 PM,0.0026,0.0026,9765.625000,25.00,25.30,0.2992,1.20%
PHA,TREND,12:43:09 PM,12:47:09 PM,0.0495,0.0510,505.050505,25.00,25.91,0.9137,3.65%
FET,HYPER,12:11:32 PM,12:41:09 PM,0.2472,0.2506,101.132686,25.00,25.22,0.2225,0.89%
PHA,TREND,12:34:09 PM,12:41:09 PM,0.0493,0.0501,507.099391,25.00,25.15,0.1521,0.61%
POND,TREND,12:34:09 PM,12:39:09 PM,0.0025,0.0026,10000.000000,25.00,25.50,0.5016,2.01%
NEAR,TREND,12:30:09 PM,12:37:09 PM,2.7920,2.8370,8.954155,25.00,25.38,0.3761,1.50%
IO,TREND,12:29:09 PM,12:32:09 PM,0.1779,0.1800,140.528387,25.00,25.24,0.2375,0.95%
POND,TREND,12:30:09 PM,12:32:09 PM,0.0025,0.0025,10000.000000,25.00,24.90,-0.1000,-0.40%
ROSE,HYPER,12:08:41 PM,12:30:09 PM,0.0100,0.0101,2505.010020,25.00,25.28,0.2756,1.10%
FARM,TREND,12:18:09 PM,12:27:09 PM,6.4700,6.7300,3.863988,25.00,25.93,0.9274,3.71%
GRT,TREND,12:21:09 PM,12:25:09 PM,0.0290,0.0289,862.663906,25.00,24.84,-0.1639,-0.66%
IO,TREND,12:20:09 PM,12:22:09 PM,0.1775,0.1801,140.845070,25.00,25.18,0.1831,0.73%
GRT,HYPER,12:11:31 PM,12:17:09 PM,0.0286,0.0290,874.125874,25.00,25.33,0.3322,1.33%
RENDER,HYPER,12:11:08 PM,12:17:09 PM,2.3390,2.3700,10.688328,25.00,25.29,0.2886,1.15%
HMSTR,HYPER,12:11:08 PM,12:11:31 PM,0.0002,0.0002,147666.863556,25.00,24.99,-0.0148,-0.06%
NEAR,HYPER,12:11:22 PM,12:11:28 PM,2.7340,2.7320,9.144111,25.00,24.98,-0.0183,-0.07%
LPT,HYPER,12:08:19 PM,12:11:25 PM,2.3160,2.3360,10.794473,25.00,25.22,0.2159,0.86%
WLD,HYPER,12:11:11 PM,12:11:19 PM,0.3811,0.3816,65.599580,25.00,25.03,0.0328,0.13%
ICP,HYPER,12:11:04 PM,12:11:10 PM,2.6790,2.6780,9.331840,25.00,24.99,-0.0093,-0.04%
BTC,HYPER,12:06:38 PM,12:11:07 PM,76627.0800,76657.1900,0.000326,25.00,25.01,0.0098,0.04%
IO,HYPER,12:11:01 PM,12:11:07 PM,0.1778,0.1776,140.607424,25.00,24.97,-0.0281,-0.11%
INJ,HYPER,12:10:47 PM,12:11:02 PM,5.5230,5.5340,4.526525,25.00,25.05,0.0498,0.20%
HMSTR,HYPER,12:10:46 PM,12:10:59 PM,0.0002,0.0002,147666.863556,25.00,24.99,-0.0148,-0.06%
ICP,HYPER,12:08:31 PM,12:10:44 PM,2.6740,2.6800,9.349289,25.00,25.06,0.0561,0.22%
WLD,HYPER,12:10:04 PM,12:10:44 PM,0.3790,0.3812,65.963061,25.00,25.15,0.1451,0.58%
HMSTR,HYPER,12:09:53 PM,12:10:02 PM,0.0002,0.0002,147492.625369,25.00,24.96,-0.0442,-0.18%
RENDER,HYPER,12:09:46 PM,12:09:52 PM,2.3370,2.3320,10.697475,25.00,24.95,-0.0535,-0.21%
POND,HYPER,12:09:37 PM,12:09:43 PM,0.0026,0.0026,9505.703422,25.00,24.90,-0.0951,-0.38%
FET,HYPER,12:09:28 PM,12:09:34 PM,0.2460,0.2457,101.626016,25.00,24.97,-0.0305,-0.12%
IO,HYPER,12:09:20 PM,12:09:26 PM,0.1772,0.1772,141.083521,25.00,25.00,0.0000,0.00%
HMSTR,HYPER,12:08:41 PM,12:09:19 PM,0.0002,0.0002,148104.265403,25.00,25.04,0.0444,0.18%
RLC,HYPER,12:07:34 PM,12:08:40 PM,0.4508,0.4506,55.456965,25.00,24.99,-0.0111,-0.04%
RENDER,HYPER,12:08:29 PM,12:08:35 PM,2.3390,2.3380,10.688328,25.00,24.99,-0.0107,-0.04%
WLD,HYPER,12:08:13 PM,12:08:29 PM,0.3786,0.3794,66.032752,25.00,25.05,0.0528,0.21%
FARM,HYPER,12:07:04 PM,12:08:26 PM,6.5200,6.5200,3.834356,25.00,25.00,0.0000,0.00%
DODO,HYPER,12:08:11 PM,12:08:17 PM,0.0179,0.0179,1395.089286,25.00,24.99,-0.0140,-0.06%
POND,HYPER,12:08:04 PM,12:08:10 PM,0.0026,0.0026,9469.696970,25.00,24.91,-0.0947,-0.38%
ICP,HYPER,12:07:52 PM,12:08:08 PM,2.6750,2.6730,9.345794,25.00,24.98,-0.0187,-0.07%
FET,HYPER,12:07:56 PM,12:08:02 PM,0.2461,0.2460,101.584722,25.00,24.99,-0.0102,-0.04%
IO,HYPER,12:07:43 PM,12:07:55 PM,0.1770,0.1769,141.242938,25.00,24.99,-0.0141,-0.06%
HMSTR,HYPER,12:07:44 PM,12:07:50 PM,0.0002,0.0002,148192.056906,25.00,24.96,-0.0445,-0.18%
INJ,HYPER,12:05:50 PM,12:07:43 PM,5.4950,5.4970,4.549591,25.00,25.01,0.0091,0.04%
RENDER,HYPER,12:07:35 PM,12:07:41 PM,2.3340,2.3340,10.711225,25.00,25.00,0.0000,0.00%
PHA,HYPER,12:07:28 PM,12:07:34 PM,0.0499,0.0498,501.002004,25.00,24.95,-0.0501,-0.20%
HMSTR,HYPER,12:07:26 PM,12:07:32 PM,0.0002,0.0002,148367.952522,25.00,25.00,0.0000,0.00%
RIF,HYPER,12:03:41 PM,12:07:22 PM,0.0602,0.0609,415.282392,25.00,25.29,0.2907,1.16%
IO,HYPER,12:07:05 PM,12:07:22 PM,0.1773,0.1775,141.003948,25.00,25.03,0.0282,0.11%
GRT,HYPER,12:06:55 PM,12:07:02 PM,0.0285,0.0284,877.500878,25.00,24.96,-0.0439,-0.18%
POND,HYPER,12:06:56 PM,12:07:02 PM,0.0026,0.0026,9469.696970,25.00,24.91,-0.0947,-0.38%
FET,HYPER,12:06:37 PM,12:06:53 PM,0.2455,0.2456,101.832994,25.00,25.01,0.0102,0.04%
PHA,HYPER,12:06:37 PM,12:06:52 PM,0.0499,0.0498,501.002004,25.00,24.95,-0.0501,-0.20%
GRT,HYPER,12:06:23 PM,12:06:37 PM,0.0285,0.0284,878.425861,25.00,24.99,-0.0088,-0.04%
HMSTR,HYPER,12:05:47 PM,12:06:35 PM,0.0002,0.0002,148456.057007,25.00,25.04,0.0445,0.18%
POND,HYPER,12:06:22 PM,12:06:34 PM,0.0026,0.0026,9469.696970,25.00,24.91,-0.0947,-0.38%
IO,HYPER,12:06:05 PM,12:06:22 PM,0.1768,0.1773,141.402715,25.00,25.07,0.0707,0.28%
WLD,HYPER,12:06:08 PM,12:06:19 PM,0.3759,0.3765,66.507050,25.00,25.04,0.0399,0.16%
RLC,HYPER,12:04:14 PM,12:06:07 PM,0.4508,0.4502,55.456965,25.00,24.97,-0.0333,-0.13%
WLD,HYPER,12:05:46 PM,12:06:02 PM,0.3754,0.3758,66.595631,25.00,25.03,0.0266,0.11%
RENDER,HYPER,12:05:34 PM,12:05:49 PM,2.3290,2.3310,10.734221,25.00,25.05,0.0535,0.21%
IO,HYPER,12:05:28 PM,12:05:46 PM,0.1770,0.1764,141.242938,25.00,24.92,-0.0847,-0.34%
INJ,HYPER,12:05:16 PM,12:05:44 PM,5.4980,5.4920,4.547108,25.00,24.97,-0.0273,-0.11%
POND,HYPER,12:05:23 PM,12:05:29 PM,0.0026,0.0026,9469.696970,25.00,24.91,-0.0947,-0.38%
NEAR,HYPER,12:04:50 PM,12:05:22 PM,2.7210,2.7160,9.187799,25.00,24.95,-0.0459,-0.18%
PHA,HYPER,12:04:44 PM,12:05:20 PM,0.0496,0.0498,504.032258,25.00,25.10,0.1008,0.40%
POND,HYPER,12:05:01 PM,12:05:14 PM,0.0026,0.0026,9469.696970,25.00,25.00,0.0000,0.00%
FET,HYPER,12:04:52 PM,12:04:59 PM,0.2456,0.2453,101.791531,25.00,24.97,-0.0305,-0.12%
HMSTR,HYPER,12:04:44 PM,12:04:50 PM,0.0002,0.0002,147666.863556,25.00,24.94,-0.0591,-0.24%
GRT,HYPER,12:03:50 PM,12:04:43 PM,0.0285,0.0285,875.963560,25.00,24.99,-0.0088,-0.04%
FET,HYPER,12:03:55 PM,12:04:43 PM,0.2452,0.2456,101.957586,25.00,25.04,0.0408,0.16%
RENDER,HYPER,12:04:22 PM,12:04:43 PM,2.3350,2.3370,10.706638,25.00,24.99,-0.0107,-0.04%
IO,HYPER,12:04:11 PM,12:04:17 PM,0.1772,0.1772,141.083521,25.00,25.00,0.0000,0.00%
WLD,HYPER,12:03:59 PM,12:04:11 PM,0.3756,0.3761,66.560170,25.00,25.03,0.0333,0.13%
HMSTR,HYPER,12:03:49 PM,12:04:10 PM,0.0002,0.0002,147318.797879,25.00,25.00,0.0000,0.00%
POND,HYPER,12:03:43 PM,12:03:55 PM,0.0026,0.0026,9469.696970,25.00,24.91,-0.0947,-0.38%
INJ,HYPER,12:03:28 PM,12:03:53 PM,5.5040,5.5060,4.542151,25.00,25.01,0.0091,0.04%
NEAR,HYPER,12:03:34 PM,12:03:46 PM,2.7160,2.7160,9.204713,25.00,25.00,0.0000,0.00%
FET,HYPER,12:03:40 PM,12:03:46 PM,0.2456,0.2454,101.791531,25.00,24.98,-0.0204,-0.08%
IO,HYPER,12:03:22 PM,12:03:40 PM,0.1764,0.1767,141.723356,25.00,25.04,0.0425,0.17%
ROSE,HYPER,12:02:44 PM,12:03:38 PM,0.0100,0.0100,2492.522433,25.00,24.95,-0.0499,-0.20%
WLD,HYPER,12:03:32 PM,12:03:38 PM,0.3760,0.3756,66.489362,25.00,24.97,-0.0266,-0.11%
POND,HYPER,12:03:26 PM,12:03:32 PM,0.0026,0.0026,9505.703422,25.00,25.00,-0.0000,-0.00%
ICP,HYPER,12:03:11 PM,12:03:31 PM,2.6830,2.6750,9.317928,25.00,24.93,-0.0745,-0.30%
WLD,HYPER,12:03:20 PM,12:03:26 PM,0.3760,0.3754,66.489362,25.00,24.96,-0.0399,-0.16%
FET,HYPER,12:02:59 PM,12:03:25 PM,0.2459,0.2458,101.667344,25.00,24.99,-0.0102,-0.04%
HMSTR,HYPER,12:03:14 PM,12:03:20 PM,0.0002,0.0002,147492.625369,25.00,24.97,-0.0295,-0.12%
GRT,HYPER,12:03:11 PM,12:03:17 PM,0.0286,0.0285,874.431619,25.00,24.96,-0.0437,-0.17%
IO,HYPER,12:03:02 PM,12:03:10 PM,0.1767,0.1765,141.482739,25.00,24.97,-0.0283,-0.11%
WLD,HYPER,12:02:56 PM,12:03:10 PM,0.3762,0.3763,66.454014,25.00,25.01,0.0066,0.03%
FET,HYPER,12:02:47 PM,12:02:53 PM,0.2459,0.2458,101.667344,25.00,24.99,-0.0102,-0.04%
HMSTR,HYPER,12:02:34 PM,12:02:53 PM,0.0002,0.0002,147579.693034,25.00,25.01,0.0148,0.06%
IO,HYPER,12:02:43 PM,12:02:52 PM,0.1764,0.1762,141.723356,25.00,24.97,-0.0283,-0.11%
FARM,HYPER,12:02:07 PM,12:02:49 PM,6.5900,6.5400,3.793627,25.00,24.81,-0.1897,-0.76%
POND,HYPER,12:02:01 PM,12:02:46 PM,0.0026,0.0026,9469.696970,25.00,24.91,-0.0947,-0.38%
FET,HYPER,12:02:35 PM,12:02:41 PM,0.2456,0.2456,101.791531,25.00,25.00,0.0000,0.00%
WLD,HYPER,12:02:34 PM,12:02:40 PM,0.3771,0.3770,66.295412,25.00,24.99,-0.0066,-0.03%
LPT,HYPER,11:57:02 AM,12:02:34 PM,2.3190,2.3240,10.780509,25.00,25.05,0.0539,0.22%
ROSE,HYPER,12:01:50 PM,12:02:28 PM,0.0100,0.0100,2500.000000,25.00,25.07,0.0750,0.30%
IO,HYPER,12:02:20 PM,12:02:28 PM,0.1766,0.1763,141.562854,25.00,24.96,-0.0425,-0.17%
NEAR,HYPER,12:01:38 PM,12:02:17 PM,2.7110,2.7130,9.221689,25.00,25.02,0.0184,0.07%
INJ,HYPER,12:01:59 PM,12:02:05 PM,5.5210,5.5190,4.528165,25.00,24.99,-0.0091,-0.04%
WLD,HYPER,12:01:49 PM,12:01:59 PM,0.3781,0.3783,66.120074,25.00,25.01,0.0132,0.05%
IO,HYPER,12:01:52 PM,12:01:58 PM,0.1768,0.1767,141.402715,25.00,24.99,-0.0141,-0.06%
RENDER,HYPER,12:01:43 PM,12:01:49 PM,2.3470,2.3450,10.651896,25.00,24.98,-0.0213,-0.09%
FET,HYPER,12:01:40 PM,12:01:47 PM,0.2446,0.2450,102.207686,25.00,25.04,0.0409,0.16%
IO,HYPER,12:01:40 PM,12:01:46 PM,0.1768,0.1766,141.402715,25.00,24.97,-0.0283,-0.11%
WLD,HYPER,12:01:34 PM,12:01:40 PM,0.3785,0.3783,66.050198,25.00,24.99,-0.0132,-0.05%
INJ,HYPER,12:01:31 PM,12:01:38 PM,5.5160,5.5140,4.532270,25.00,24.99,-0.0091,-0.04%
RENDER,HYPER,12:01:14 PM,12:01:37 PM,2.3460,2.3460,10.656436,25.00,25.01,0.0107,0.04%
POND,HYPER,12:01:04 PM,12:01:34 PM,0.0026,0.0026,9505.703422,25.00,25.19,0.1873,0.75%
HMSTR,HYPER,12:00:44 PM,12:01:28 PM,0.0002,0.0002,147754.137116,25.00,25.04,0.0443,0.18%
WLD,HYPER,12:01:22 PM,12:01:28 PM,0.3783,0.3782,66.085118,25.00,24.99,-0.0066,-0.03%
IO,HYPER,12:00:59 PM,12:01:17 PM,0.1764,0.1771,141.723356,25.00,25.10,0.0992,0.40%
FET,HYPER,12:00:34 PM,12:01:13 PM,0.2442,0.2448,102.375102,25.00,25.06,0.0614,0.25%
WLD,HYPER,12:00:49 PM,12:01:02 PM,0.3788,0.3789,65.997888,25.00,25.01,0.0066,0.03%
INJ,HYPER,12:00:50 PM,12:00:56 PM,5.5230,5.5200,4.526525,25.00,25.00,-0.0045,-0.02%
FARM,HYPER,12:00:43 PM,12:00:49 PM,6.5600,6.5700,3.810976,25.00,25.04,0.0381,0.15%
IO,HYPER,12:00:37 PM,12:00:47 PM,0.1754,0.1757,142.531357,25.00,25.04,0.0428,0.17%
WLD,HYPER,12:00:32 PM,12:00:43 PM,0.3787,0.3783,66.015316,25.00,24.97,-0.0264,-0.11%
HMSTR,HYPER,12:00:17 PM,12:00:38 PM,0.0002,0.0002,148279.952550,25.00,25.04,0.0445,0.18%
RIF,HYPER,11:59:53 AM,12:00:31 PM,0.0607,0.0607,411.861614,25.00,25.00,0.0000,0.00%
ROSE,HYPER,12:00:02 PM,12:00:29 PM,0.0100,0.0100,2497.502498,25.00,24.98,-0.0250,-0.10%
INJ,HYPER,12:00:17 PM,12:00:26 PM,5.5190,5.5230,4.529806,25.00,25.01,0.0091,0.04%
FET,HYPER,12:00:10 PM,12:00:16 PM,0.2450,0.2447,102.040816,25.00,24.97,-0.0306,-0.12%
NEAR,HYPER,11:59:59 AM,12:00:14 PM,2.7150,2.7140,9.208103,25.00,24.99,-0.0092,-0.04%
BTC,HYPER,11:55:35 AM,12:00:07 PM,76684.3700,76638.0000,0.000326,25.00,24.98,-0.0151,-0.06%
POND,HYPER,11:59:38 AM,12:00:01 PM,0.0027,0.0027,9433.962264,25.00,24.81,-0.1887,-0.75%
IO,HYPER,11:59:19 AM,11:59:55 AM,0.1745,0.1751,143.266476,25.00,25.09,0.0860,0.34%
FET,HYPER,11:59:38 AM,11:59:50 AM,0.2439,0.2441,102.501025,25.00,25.02,0.0205,0.08%
RIF,HYPER,11:59:31 AM,11:59:37 AM,0.0606,0.0605,412.541254,25.00,24.96,-0.0413,-0.17%
PHA,HYPER,11:59:22 AM,11:59:34 AM,0.0497,0.0497,503.018109,25.00,25.00,0.0000,0.00%
RENDER,HYPER,11:59:02 AM,11:59:28 AM,2.3350,2.3380,10.706638,25.00,25.02,0.0214,0.09%
GRT,HYPER,11:59:14 AM,11:59:20 AM,0.0286,0.0286,874.431619,25.00,24.99,-0.0087,-0.03%
FET,HYPER,11:58:50 AM,11:59:16 AM,0.2436,0.2438,102.627258,25.00,25.02,0.0205,0.08%
INJ,HYPER,11:58:44 AM,11:59:13 AM,5.5260,5.5280,4.524068,25.00,25.01,0.0090,0.04%
NEAR,HYPER,11:58:53 AM,11:59:01 AM,2.7160,2.7150,9.204713,25.00,24.99,-0.0092,-0.04%
POND,HYPER,11:58:16 AM,11:58:46 AM,0.0026,0.0026,9469.696970,25.00,25.00,0.0000,0.00%
RENDER,HYPER,11:58:29 AM,11:58:44 AM,2.3330,2.3330,10.715817,25.00,25.00,0.0000,0.00%
IO,HYPER,11:58:35 AM,11:58:43 AM,0.1742,0.1740,143.513203,25.00,25.00,0.0000,0.00%
ROSE,HYPER,11:55:44 AM,11:58:34 AM,0.0100,0.0100,2495.009980,25.00,24.95,-0.0499,-0.20%
PHA,HYPER,11:58:14 AM,11:58:26 AM,0.0497,0.0496,503.018109,25.00,25.00,0.0013,0.01%
GRT,HYPER,11:58:02 AM,11:58:13 AM,0.0286,0.0285,874.125874,25.00,24.96,-0.0437,-0.17%
IO,HYPER,11:57:44 AM,11:58:13 AM,0.1739,0.1743,143.760782,25.00,25.03,0.0288,0.12%
RENDER,HYPER,11:57:38 AM,11:57:56 AM,2.3320,2.3320,10.720412,25.00,25.00,0.0000,0.00%
FET,HYPER,11:57:19 AM,11:57:43 AM,0.2441,0.2440,102.417042,25.00,24.99,-0.0102,-0.04%
HMSTR,HYPER,11:56:41 AM,11:57:34 AM,0.0002,0.0002,147666.863556,25.00,25.07,0.0738,0.30%
NEAR,HYPER,11:57:10 AM,11:57:16 AM,2.7100,2.7080,9.225092,25.00,24.98,-0.0185,-0.07%
GRT,HYPER,11:56:23 AM,11:57:08 AM,0.0286,0.0286,875.043752,25.00,25.04,0.0438,0.18%
WLD,HYPER,11:56:38 AM,11:56:59 AM,0.3795,0.3798,65.876153,25.00,25.02,0.0198,0.08%
NEAR,HYPER,11:56:23 AM,11:56:38 AM,2.7040,2.7040,9.245562,25.00,25.00,0.0000,0.00%
WLD,HYPER,11:55:58 AM,11:56:32 AM,0.3788,0.3793,65.997888,25.00,25.05,0.0462,0.18%
POND,HYPER,11:56:10 AM,11:56:22 AM,0.0027,0.0026,9433.962264,25.00,24.91,-0.0943,-0.38%
INJ,HYPER,11:56:02 AM,11:56:19 AM,5.5310,5.5270,4.519978,25.00,24.98,-0.0181,-0.07%
GRT,HYPER,11:56:01 AM,11:56:08 AM,0.0286,0.0286,875.043752,25.00,25.03,0.0264,0.11%
IO,HYPER,11:55:52 AM,11:56:01 AM,0.1736,0.1735,144.009217,25.00,24.99,-0.0144,-0.06%
POND,HYPER,11:55:40 AM,11:55:59 AM,0.0026,0.0026,9469.696970,25.00,25.00,0.0000,0.00%
RENDER,HYPER,11:55:49 AM,11:55:56 AM,2.3310,2.3300,10.725011,25.00,24.99,-0.0107,-0.04%
WLD,HYPER,11:55:31 AM,11:55:49 AM,0.3794,0.3789,65.893516,25.00,24.95,-0.0461,-0.18%
BNB,HYPER,11:55:02 AM,11:55:46 AM,656.9800,657.1000,0.038053,25.00,25.00,0.0046,0.02%
INJ,HYPER,11:54:41 AM,11:55:41 AM,5.5390,5.5360,4.513450,25.00,24.99,-0.0135,-0.05%
RENDER,HYPER,11:55:32 AM,11:55:38 AM,2.3320,2.3310,10.720412,25.00,24.99,-0.0107,-0.04%
PHA,HYPER,11:55:25 AM,11:55:34 AM,0.0490,0.0490,510.204082,25.00,24.95,-0.0510,-0.20%
NEAR,HYPER,11:54:53 AM,11:55:31 AM,2.7010,2.7030,9.255831,25.00,25.02,0.0185,0.07%
DUSK,HYPER,11:55:16 AM,11:55:29 AM,0.1386,0.1384,180.375180,25.00,24.96,-0.0361,-0.14%
RLC,HYPER,11:55:13 AM,11:55:23 AM,0.4523,0.4519,55.273049,25.00,24.98,-0.0221,-0.09%
FET,HYPER,11:55:01 AM,11:55:14 AM,0.2443,0.2444,102.333197,25.00,25.01,0.0102,0.04%
RENDER,HYPER,11:55:04 AM,11:55:10 AM,2.3320,2.3310,10.720412,25.00,24.99,-0.0107,-0.04%
HMSTR,HYPER,11:54:50 AM,11:55:02 AM,0.0002,0.0002,147058.823529,25.00,24.99,-0.0147,-0.06%
WLD,HYPER,11:54:49 AM,11:54:59 AM,0.3799,0.3801,65.806791,25.00,25.01,0.0132,0.05%
IO,HYPER,11:54:23 AM,11:54:58 AM,0.1730,0.1733,144.508671,25.00,25.04,0.0434,0.17%
RENDER,HYPER,11:54:46 AM,11:54:52 AM,2.3270,2.3260,10.743446,25.00,24.99,-0.0107,-0.04%
POND,HYPER,11:54:38 AM,11:54:49 AM,0.0027,0.0027,9398.496241,25.00,24.91,-0.0940,-0.38%
GRT,HYPER,11:54:26 AM,11:54:47 AM,0.0285,0.0285,877.192982,25.00,25.00,0.0000,0.00%
DODO,HYPER,11:53:44 AM,11:54:44 AM,0.0179,0.0179,1395.868230,25.00,25.00,0.0000,0.00%
HMSTR,HYPER,11:54:31 AM,11:54:38 AM,0.0002,0.0002,147058.823529,25.00,25.01,0.0147,0.06%
WLD,HYPER,11:54:31 AM,11:54:37 AM,0.3788,0.3788,65.997888,25.00,25.00,-0.0000,-0.00%
FET,HYPER,11:53:56 AM,11:54:28 AM,0.2438,0.2437,102.543068,25.00,24.99,-0.0103,-0.04%
NEAR,HYPER,11:54:20 AM,11:54:26 AM,2.7010,2.7000,9.255831,25.00,24.99,-0.0093,-0.04%
HMSTR,HYPER,11:54:08 AM,11:54:23 AM,0.0002,0.0002,146972.369195,25.00,24.97,-0.0294,-0.12%
BNB,HYPER,11:54:01 AM,11:54:22 AM,656.9000,656.8600,0.038058,25.00,25.00,-0.0015,-0.01%
WLD,HYPER,11:54:07 AM,11:54:19 AM,0.3774,0.3789,66.242713,25.00,25.10,0.0994,0.40%
POND,HYPER,11:53:56 AM,11:54:07 AM,0.0027,0.0027,9398.496241,25.00,24.91,-0.0940,-0.38%
RENDER,HYPER,11:53:25 AM,11:54:04 AM,2.3250,2.3280,10.752688,25.00,25.03,0.0323,0.13%
WLD,HYPER,11:53:47 AM,11:53:58 AM,0.3779,0.3778,66.155067,25.00,24.99,-0.0066,-0.03%
HMSTR,HYPER,11:53:44 AM,11:53:53 AM,0.0002,0.0002,146972.369195,25.00,24.99,-0.0147,-0.06%
POND,HYPER,11:53:43 AM,11:53:50 AM,0.0027,0.0027,9398.496241,25.00,24.91,-0.0940,-0.38%
PHA,HYPER,11:53:31 AM,11:53:43 AM,0.0495,0.0495,505.050505,25.00,25.00,0.0000,0.00%
FET,HYPER,11:53:34 AM,11:53:40 AM,0.2437,0.2435,102.585146,25.00,24.98,-0.0205,-0.08%
WLD,HYPER,11:53:32 AM,11:53:38 AM,0.3779,0.3777,66.155067,25.00,24.99,-0.0132,-0.05%
FET,HYPER,11:53:17 AM,11:53:28 AM,0.2436,0.2436,102.627258,25.00,25.00,0.0000,0.00%
WLD,HYPER,11:53:19 AM,11:53:26 AM,0.3774,0.3773,66.242713,25.00,24.99,-0.0066,-0.03%